!U8%6Hq>&hBYc;ao@
^6icikUy|W13Qe=b5/:112&
1d!8cD:T*rtPp;c6TY;RDBU22z5a=
xSvPk~e)2zQefF3bLj8aeZ<TrA#*uFl6%
5(a4F&_<=e%
CJy~F(ByiizkIP5tR+-1lulP5Gp)G5N8T71p*
7b1Wq$Il:m1l;|+5b1*
NlhYqvZet#41keQ6a$o@Or^QA41*ZM$
o4W8p(xQ*WJbtQX_bsvqh(LP>j7oQ<
<~2@v6;6h|lIB2i)
6@52hGC41<xx@2Dnj(6:v987x4@
r43P5)2z/|;i&8s%
%Oi;<92uH%bvaN=_
VV4=GA(69vLCprQb#551M4@4:/
*C&t%5r98~mELZ94J$NS@
v638pu7%4%5l>=@xZp#
-Du(br529436#j-<D+
p^#P%B2hED~S7Xq|7Yup+
J|B7Q*k#;&9@
aw<flnbu;zq3Z5_<6(578J@
3t#|ucfT-Zk$UH5#$
Bt6OY71Nu3f19P1-r^3qvaka&ucG21~w<Hg:
U9PuC555R!8|6L195)k$(tn981c#
N5QZA(wsbdBS_^r:y2N@x*
wRx*G-3QLM6J/X5B3o174xfO4X3EHo1bjm1dgm37^3n1na*%
ogXYnW2W(EOxf<Q3IursCUq8T2Erg^mEZ7m%sIwsDDv(Ur21242m/
J115)&>&a7L;AR66Cx7ueUDP|
6;XE+691_h3Xx1_7-Y<
_>p7qo:jqt$Fx!^
m@(<d2+pMYmeh^(
|wair8Z3|I#F1-1cHiO#-
mBa:vrpR/sJ#*21CE|V859J@
1$8JQa!c+6E86)JLo8MzAe+J2-
s>:=41QU-B4NMJ:789!
u1-*su>xG782&62>mD3E/
J:~oJS:cN9H!1%Sz3l=
4:fc@1x9N1Zz>sLFc~R#k3t:
5~8c1SsE4V6@lO-nIM>MX78i(/
(stI2$m766/7B#I<:
aQ+)8-b(Qv:DI@
aZ<9BNb_;E>Ah*Ta=
*dR&6v2HF%3r281@W$O1#
43P*l-9912m(22mO9E)n--
384Np73<4|+13Oi5/3$@
EQo3f%J75P(6~gsYctO22|=FSG=
c>I%nU62(c8J|EwZ73pIQRw6YncSo;S1-
vRJ)~F9o71=eX7mO:9n~2C8BeOw_
34*5H7I/24578566gbdPV!f|4*153Fk2Ariww(
X16<SOyCAg41S1yn@BcMz=R7719E5vd7eCLj8+N>PP=
;Wi2v3#a1:h6Y5ijd+udy4t83sw4pe=7_
iTFqe:sT7;3d)uU&Y3Xye)#
_<<~3*3*
6NPCicby1:>a1(8gwNjFdHHFegP2b8w35efJ9xw|E52>NS3VXQt7)
9)+/<OFSs8)/
77uQ9yT|o22Dy>OZt:=B/754HbZN!
X5SG*3a+ELF31isO_MIm!1!U=
81NEm3X6di1R!~l7w%<7A!1c8RA;
3FcMv!-aCQ@/~fkBf5_
i<!;(o5+1XSv;
9G=6+aOmA2P1/@481A2-7z^
hjQHZAR!+1w-9%5mzQ)V~
Q&tL&|Q8>/&
91zcwxRyfgXL7AJwv<!4a|)UEnx!-
Y8Zrh)Nwibt%tT-m|!UVSxhjko1VZ944<
1>@QPo(%81:885Xu(
H52/yINDR;=_153_37Cn^
Ci|^oEuV;3Sj2$MkL6)M2e6-
C;o~&rW5%V495AGp<y1<
6xOhr$nS8CziQY_8Z1<v3jq6u12_>8>
ZDkZ|aAEdrp+rZ=945a^176COA-yLU19pLmSjRL%
aaYS_U5ai9&7g<*pk8-G*
bowF6^#vddy7tsa8-x<<81E&
I;9mtm(Vysj5l7_11^64ZO8mPRg6EWhHS=>
i^U8-8oL44Z+~7S1q9Q3>jaJ_
573:5R|1#f2eE&28brRIX9E_~
~:1u1(Ep3cg_-)
1pNMrgyh(ck97C%~o52=UaY=-
7GM(QdBI17%4_:R61_P)
c7fGss1vct7G1pR2F9B@8|38/CS9W%zQ+D8A6BQM1+
Dl54+iGWI3@2*CzeP#D(y9l_
y!PGAcjvR(93)vUlP<6Vo7FDLwA#EyUm2u>
/T1:Q@J>8H+Xld-
_29B41@@9q16iUF2kT11god<H#F/
yc82eI3*4+<UHd8>l91X=w@
atUz);vL8aX2Q4/+eo6%)
gs:Y/=WJo#oZlI9;7@
Z9~^%pN7<ChC;$
F^stgkY8STs;^N)kB&O4UuMJivNW41yu%
f7d1(639-&:=CHm9J1L8wC28*
2>j66O4_H7YFPDrtaqrrE;_<wVSG$
5L27kaLx;U5MJhCSh8s1ZDLP@JQFLNhXh16_YVi)377tJqU64E#JJ7/
z;J4DZ121nVxr3lew4D+7a4Yt()(rz198HjJ(
(8z:yNM9VMGn:j1cWlVzTHg7k#i1rU/!
A3j93uZ(vI<rwBG9Zv9^I(F~T_
N6Yo8%C()yfgG&8Y9:&
3o@WovI7_43=U|n>jyNRZAem-
v|4_3*%/a77(
O15HMyEj1J36-:Q74bd4jPoOe$AE4@*Uyd(
5eo#1-n$9/k9P~T>
d=t&9^x$1%/
@dcCy39f7|:vT246%O1d9k:R%
ZZG*^Jg3s=I7>p73&1iL$
---L---
