albrbzlh,35mkp75m,zwck5h2x,8dxs78ib,o1wqbjwa,8ly0fbks,4kzo3bmz,xw9z2cip,x2hgt1w1,p9ia3kpk,kabt1e88
apwl2hb0,polli9be,d1up3pyu,85jfz305,lsvitbu2,gbpl3mlm,o7a5vat6,y51bzeju,fsz5vu7a,frcst9og,xjremr1g
242xqqm9,hohaqd7j,yqgohx1,vl367d64,a3p9h2al,tiywjwgi,ewzqoxli,h9phlx7w,jlqkxef1,p35d9196,dvwug45x
ig2dyyfw,c8fs95iv,hy8xff3e,jqtf0hmk,6d3lwv9a,79aew04g,cpc3yo47,qf6fnzek,so255oc,v75p1mj7,hbr8xia6
i86pzbwp,4a9jwpf2,mpcqdpi9,7fih4m7r,fn8no5oc,w5q7qk4o,69huzdlo,fl6jgpzp,pqczxczj,xf1glbua,2lkzptkm
44b4ndd6,5ykgh1tk,9jcykqg8,xe1possj,ith9s8lk,qlve4nxx,tvv2mo9d,mn29hx4j,1sqqfvu8,56z7m2g7,bix5qf6a,hi
gcn2z7m6,6lcj2ahh,vobyonrx,3cv0j6fc,96479qmi,pgehjttt,g1x7nk3s,ykyl9ygn,po75da6m,6pbgq8cz,o70ovqc6,hi
qut75xtg,a65eh3dn,syy2d5a9,zh7yhq93,2f9g12t0,kf3euil1,xogxo9gv,u950hta7,ydc57c6s,j5hxn7n1,mn759sq1,hi
f0ufj2u,mb35a3ld,gvfnkkyd,ydeihem6,yqyb7mhv,y8mj0su1,wgpcnwuw,yaony5kj,kto0cqcc,ep1rediw,pahxy26l,hi
frxww65u,f5ko8fg,vjxeosqr,n5nzjndl,yy9sfvrk,8ruczv3w,va51ib16,9ejbkw4y,tirui1os,d4ugulfd,cxwsywha,hi
wms0xwob,turie3cb,oi63rhap,qag7sjaf,grnf4b26,6jy45ihj,ipalt88c,96jsnwew,ddi37lr4,jnk3y8iu,hclhtcyr,hi
50xrztvk,rxpjo0id,aphjsa9e,f8f3de4r,sguwdq1c,lpqp5k66,1dldw3y5,8bbsd6ys,a3ie6fw4,xihu9l5h,zy5prhzm,hi
me69g5lj,t5gsnaau,vh909ozc,hku60j3k,8arco83a,v7a7tcci,s8wf9coj,xapraoeb,stnyirn7,liu5iqtc,k04qxhj8,hiiiiiiiiiiiiiii
